{
  "exact_match": 0.11798839458413926,
  "component_match": {
    "select": 0.36363636363636365,
    "from": 0.38781431334622823,
    "where": 0.04462474645030426,
    "group_by": 0.37906137184115524,
    "having": 0.012658227848101266,
    "order_by": 0.5189873417721519,
    "limit": 0.8201058201058201
  },
  "execution_accuracy": 0.21470019342359767,
  "executable_percentage": 0.2775628626692456
}